,id,nombre,2014_alineaciones,2014_puntos_por_partido,2014_minutos_jugados,2014_minutos_por_gol,2014_minutos_por_asistencia,2015_alineaciones,2015_puntos_por_partido,2015_minutos_jugados,2015_minutos_por_gol,2015_minutos_por_asistencia,2016_alineaciones,2016_puntos_por_partido,2016_minutos_jugados,2016_minutos_por_gol,2016_minutos_por_asistencia,2017_alineaciones,2017_puntos_por_partido,2017_minutos_jugados,2017_minutos_por_gol,2017_minutos_por_asistencia,2018_alineaciones,2018_puntos_por_partido,2018_minutos_jugados,2018_minutos_por_gol,2018_minutos_por_asistencia
2,250426,adam-armstrong,31,0.94,2006,182,287,40,1.5,3432,172,686,38,1.03,2118,353,530,44,1.64,2911,243,1456,48,1.25,3148,350,630
8,66058,admir-mehmedi,32,1.16,2563,366,2563,41,1.61,2154,308,269,30,1.2,1663,416,832,21,1.38,1284,428,257,28,1.79,1799,257,257
9,177847,adnan-januzaj,29,1.76,1685,337,421,26,1.88,1267,422,317,29,0.52,1956,978,652,35,1.23,2004,501,334,24,1.38,1475,738,369
10,288318,adrian-embarba,16,1.5,910,228,303,32,0.88,2038,1019,679,33,1.36,2692,385,673,42,1.81,3469,434,267,36,0.86,2291,458,382
16,167329,alassane-plea,35,1.2,2603,868,289,19,1.68,1412,235,353,32,1.75,2328,166,776,49,1.24,4083,194,583,35,1.66,2598,173,650
18,195906,albian-ajeti,35,1.66,2647,132,882,23,1.39,1297,185,324,31,1.13,2238,203,560,37,1.95,2530,149,506,43,1.93,3240,154,295
19,51152,aleksandar-mitrovic,51,1.88,4285,153,857,36,1.03,2230,248,558,29,1.93,1349,225,225,27,1.96,1910,136,1910,39,0.67,3377,307,1126
23,242631,alex-iwobi,25,1.48,2079,189,520,34,1.88,2220,370,444,39,2.0,2354,589,294,39,1.54,2645,882,378,51,1.86,2839,473,315
24,66515,alex-teixeira,37,1.95,3033,138,758,68,1.96,6049,134,302,29,1.1,2487,226,414,31,1.58,2701,180,450,31,1.71,2787,155,253
25,238407,alexander-sorloth,32,1.34,1976,141,329,15,1.4,785,393,785,29,1.14,1192,298,397,30,1.9,2170,145,241,38,1.39,2366,394,592
26,93720,alexandre-lacazette,40,2.03,3468,112,434,44,1.57,3743,163,936,45,1.67,3477,94,695,39,1.77,2758,162,552,49,1.86,3327,175,256
27,209649,alexandru-mitrita,29,1.38,2028,338,338,22,1.59,635,635,159,17,0.71,513,513,171,38,1.68,2931,183,488,54,1.8,4209,162,526
28,130485,alfredo-donnarumma,38,1.89,3118,142,390,41,1.15,2526,194,421,31,1.06,1869,267,1869,39,2.0,2977,142,595,34,1.82,2792,103,399
32,229736,alisson,21,1.62,1422,474,356,20,1.55,1188,297,396,28,1.54,1890,945,378,34,1.88,2001,667,250,32,1.97,2453,491,273
34,128223,alvaro-morata,46,2.17,2302,153,329,47,2.36,2377,198,216,43,2.44,1903,95,317,48,1.92,2794,186,466,41,2.0,2709,181,2709
35,96167,amin-younes,18,1.44,871,436,436,39,2.0,2559,284,256,48,1.98,3862,552,297,18,1.56,1272,424,424,16,1.75,545,182,182
36,179860,andraz-sporar,34,1.65,2869,221,574,19,2.21,1618,95,324,27,1.89,1377,197,275,26,1.77,1714,214,571,36,2.44,3184,94,354
37,45403,andre-ayew,30,1.83,2519,229,420,35,1.29,2943,245,589,26,1.08,1453,242,484,36,1.08,2361,394,472,38,1.45,2620,524,1310
38,135057,andre-carrillo,46,2.04,3091,442,172,7,2.29,609,609,203,32,2.28,1250,417,417,30,1.17,1662,831,831,33,2.36,2787,465,348
39,120565,andre-gray,50,1.56,3808,212,476,44,2.09,3625,145,362,36,0.97,2495,250,832,33,0.94,1605,321,535,34,1.44,1656,184,552
40,198008,andre-silva,35,1.26,2410,344,1205,43,1.49,3346,197,558,44,2.0,3399,162,425,40,1.73,2025,203,1012,40,1.73,2839,258,946
41,167727,andrea-belotti,39,1.26,1381,230,690,37,1.05,2749,229,458,38,1.53,3297,118,824,35,1.63,2951,227,590,39,1.67,3480,205,3480
44,203412,andreas-cornelius,33,1.88,2795,349,2795,32,2.22,1837,306,918,49,2.22,3426,163,381,31,1.68,1192,199,1192,33,1.48,1239,310,620
46,46580,andrej-kramaric,45,1.96,3199,103,1066,21,1.43,1409,235,352,36,1.81,2583,144,323,42,1.4,2928,225,325,37,1.35,2976,135,595
48,61842,andros-townsend,35,1.69,2017,336,336,27,1.11,1992,285,332,40,1.2,2820,940,403,39,1.21,3297,1649,366,45,1.42,3569,397,595
49,122797,andy-delort,27,0.96,1829,915,366,38,1.39,3349,258,1674,31,1.45,1904,212,1904,36,1.06,2628,526,526,38,1.53,3242,232,463
53,149237,anthony-knockaert,19,1.37,1216,405,304,48,1.77,4030,336,269,45,2.0,3813,254,424,37,1.27,2666,889,1333,36,1.03,2384,596,341
54,140803,anthony-limbombe,36,2.64,3035,190,276,34,1.44,2951,422,422,28,1.64,1506,1506,301,39,2.08,3180,530,454,33,1.55,1490,497,745
55,182877,anthony-martial,48,1.88,2560,213,512,56,1.68,4663,259,424,42,1.98,2517,315,315,45,2.04,2337,212,260,38,1.5,2327,194,776
56,125781,antoine-griezmann,53,1.96,3420,137,570,54,2.13,4380,137,626,53,2.02,4559,175,380,49,1.94,3872,134,258,48,1.96,4068,194,407
58,160668,antonio-colak,33,1.24,2541,254,1270,25,1.4,1063,152,532,24,0.54,1420,203,710,25,1.92,1478,211,211,30,2.03,1681,88,420
61,183720,anwar-el-ghazi,43,1.93,2872,287,319,37,2.03,2483,226,828,37,1.62,2172,272,434,31,0.97,1955,489,489,36,1.72,2628,438,438
62,222876,arber-zeneli,31,1.77,2384,238,298,23,1.52,1862,466,931,38,1.29,2874,411,479,25,1.72,1904,317,190,35,1.29,2401,343,172
65,289846,ashley-fletcher,8,1.75,398,133,398,31,2.29,1835,204,262,30,1.3,1390,348,695,38,1.08,2164,309,433,32,1.72,1932,138,1932
67,282694,augusto-solari,26,1.96,1457,1457,486,19,2.0,1601,801,320,36,1.72,2431,608,608,23,1.83,1362,454,195,27,1.85,1999,400,666
70,110858,benik-afobe,51,1.84,3701,116,370,42,1.31,3067,219,3067,33,1.21,1661,277,554,38,1.63,1536,219,768,49,1.2,3031,337,1516
71,112930,benito-raman,35,2.0,2088,232,522,30,1.77,1746,291,873,31,1.29,1821,304,1821,30,1.63,1753,175,584,32,1.44,1769,161,354
72,188180,benjamin-verbic,39,2.03,3241,203,295,32,2.19,1963,393,393,40,2.05,2535,423,845,42,1.83,3426,214,428,34,1.97,2893,241,723
73,175169,bernard,23,1.78,941,471,118,39,2.13,1935,323,215,37,2.51,2409,344,344,29,2.24,2242,224,560,36,1.44,2308,1154,577
74,241641,bernardo-silva,45,1.98,3073,307,768,44,1.5,3192,456,1064,58,2.34,4296,391,358,53,2.51,2795,311,254,51,2.63,4025,310,288
75,131996,bertrand-traore,37,2.0,2834,157,405,18,1.44,693,139,693,39,2.05,3074,236,512,43,2.05,3019,168,431,48,1.75,2717,247,543
76,186186,bobby-reid,38,1.5,3148,1049,350,30,1.07,1651,826,550,35,1.11,2084,521,1042,52,1.52,4364,208,546,29,0.83,1586,317,529
81,237662,breel-embolo,42,2.07,2789,164,215,40,2.0,3252,250,361,10,1.3,610,203,305,25,1.72,1101,367,367,28,1.11,1881,314,470
83,338889,brian-lozano,33,1.7,2288,254,763,20,1.6,1095,274,548,26,2.31,1047,262,1047,44,1.55,2977,744,298,42,1.52,3193,798,532
85,139396,bruma,33,1.91,2016,672,336,33,1.06,1538,513,1538,37,1.81,3116,283,346,40,1.48,2466,352,1233,27,1.78,1458,486,486
88,140952,caio-canedo,22,1.45,1927,120,642,23,1.57,2045,227,682,24,2.21,2077,148,519,22,1.82,1865,117,466,30,1.2,2633,188,439
89,199953,caleb-ekuban,37,0.97,2525,505,631,33,1.15,2150,538,717,42,1.86,3646,203,729,21,1.48,1080,540,1080,36,1.94,2055,257,685
94,127048,cedric-bakambu,39,1.69,2755,131,394,51,1.67,3034,138,1011,34,1.65,2024,184,1012,49,1.8,4075,110,582,26,1.81,2238,140,320
95,243856,cedric-itten,31,1.45,2084,149,695,30,1.5,1951,244,976,32,1.59,1759,440,293,38,1.63,1801,225,300,11,1.64,747,68,374
96,341647,cengiz-under,26,1.81,1744,349,349,32,1.16,2463,411,616,43,2.02,3292,366,470,32,1.84,1552,194,776,33,1.73,1892,315,189
102,50201,christian-benteke,35,1.14,2893,181,964,42,1.5,2232,223,372,40,1.18,3279,193,1640,31,1.23,2234,745,372,19,1.37,854,854,854
103,197642,chuba-akpom,25,1.4,1457,162,728,41,1.85,2152,307,2152,15,1.93,563,188,282,24,1.46,1741,218,870,33,2.39,1913,239,383
104,105521,ciro-immobile,34,1.35,1671,167,557,29,1.21,1673,186,335,41,1.85,3517,135,703,47,2.02,3724,91,414,46,1.63,3694,194,308
106,141834,cristian-tello,37,2.3,2119,265,193,35,1.74,2093,523,419,42,1.64,2416,604,302,33,1.64,1773,296,443,41,1.39,2413,483,268
114,67063,danny-welbeck,37,1.92,2517,315,420,16,1.31,818,164,409,22,2.09,1094,219,274,43,1.47,2325,233,1162,14,2.57,604,121,604
115,92693,dario-benedetto,40,1.43,2979,130,331,43,1.88,2193,169,313,25,2.0,1857,88,619,15,2.33,1066,82,178,26,2.0,1732,346,866
116,211251,darwin-machis,26,1.42,1793,256,896,40,1.43,3373,337,562,29,0.59,1221,407,407,33,1.64,2715,194,452,29,1.31,1798,200,899
120,178459,davie-selke,33,1.3,2155,216,539,32,1.81,1997,200,666,21,1.67,436,109,436,31,1.19,2214,158,554,32,1.25,1850,463,206
121,208167,dawid-kownacki,38,1.74,2235,319,745,34,1.5,1798,257,1798,33,2.06,1654,138,551,24,1.33,921,115,307,27,1.41,969,162,484
122,292417,demarai-gray,43,1.35,2652,442,1326,42,1.62,2484,2484,621,43,1.28,1848,616,308,44,1.45,2375,594,594,39,1.46,2271,568,2271
126,83877,diego-farias,32,1.0,2014,252,288,37,2.0,2577,184,198,20,1.15,1163,166,582,30,1.23,1810,1810,302,35,1.2,2051,293,410
127,340950,diogo-jota,12,1.83,754,189,188,35,1.51,3029,216,303,38,2.13,2056,228,294,46,2.09,3672,204,612,37,1.59,2630,263,376
128,148368,divock-origi,44,1.34,2956,328,739,34,1.56,1688,169,563,43,1.86,2081,189,520,37,1.08,2375,339,792,22,2.23,763,95,382
129,197170,djaniny,46,1.59,2951,268,738,36,1.42,2599,186,520,33,1.48,2201,275,550,42,1.38,3221,161,805,31,2.0,2321,97,290
131,177843,domenico-berardi,35,1.43,2852,190,219,32,1.72,2451,306,306,25,1.48,2042,204,186,33,1.24,2424,485,1212,37,1.14,3058,306,764
134,75615,douglas-costa,33,1.91,2181,436,312,43,2.44,3408,487,189,34,2.32,1925,275,214,47,2.32,2912,485,224,25,2.44,969,969,969
135,114937,dudu,28,1.39,2236,224,319,37,1.92,3048,610,305,33,1.73,2678,268,298,42,2.14,3448,383,192,46,2.0,3933,358,246
136,73794,duvan-zapata,31,1.52,1136,142,379,27,1.11,1573,197,393,39,1.15,3244,295,649,32,1.31,2205,200,551,48,1.85,3654,131,457
137,196522,dwight-gayle,29,1.14,1433,143,716,20,1.25,1024,146,1024,34,1.88,2287,99,572,38,1.05,2173,362,543,41,1.83,2946,123,368
138,50202,eden-hazard,52,2.23,4441,234,342,43,1.4,3079,513,385,43,2.37,3373,198,482,52,1.83,3804,224,293,52,1.98,3878,185,228
139,109217,edin-visca,35,1.69,3076,385,615,41,1.68,3555,209,356,43,2.0,3698,370,284,43,2.05,3638,260,214,38,1.82,3370,241,241
145,111078,emil-forsberg,27,1.15,2375,1188,396,33,1.94,2671,334,382,31,1.94,2427,303,110,33,1.39,2219,444,555,29,2.07,1753,250,195
147,282544,emiliano-rigoni,48,1.48,2832,405,472,20,1.7,1533,307,256,33,1.82,2607,237,869,28,1.64,1858,310,372,24,1.71,1291,215,430
149,208848,emre-kilinc,32,1.28,2695,245,337,36,1.19,2852,570,570,36,1.72,2941,368,210,36,1.44,2843,1422,406,32,1.16,2639,377,377
150,251106,enes-unal,31,1.52,788,788,394,28,1.57,1439,131,720,33,1.36,2806,148,702,38,1.13,2249,375,562,34,1.0,2174,362,725
151,291110,enzo-crivelli,12,1.33,283,283,283,41,1.17,2189,365,438,24,1.21,2084,208,2084,31,1.19,1983,661,661,35,0.89,2426,404,2426
152,111630,erik-lamela,46,1.59,2919,584,292,44,1.84,3072,279,307,14,1.86,944,472,135,34,1.97,1380,345,197,33,1.94,1550,258,517
153,159883,ernesto-torregrossa,36,1.06,2764,346,461,18,1.83,1008,336,252,29,1.07,1449,290,483,30,1.27,2211,201,1106,31,1.87,2693,207,245
154,296783,ezequiel-ponce,10,0.9,515,515,515,11,2.18,954,95,238,27,0.44,1304,652,1304,32,1.16,1408,469,1408,43,1.72,3195,152,799
156,223029,fabio-martins,43,1.19,3524,235,1762,24,1.13,1092,1092,1092,36,1.33,2647,331,882,40,2.1,1708,244,342,16,2.44,533,533,533
157,237125,famara-diedhiou,28,1.39,1443,481,1443,37,1.54,3128,142,782,36,1.17,2638,293,1319,36,1.39,2542,182,847,44,1.55,3447,265,862
158,197300,federico-bernardeschi,12,2.25,473,158,236,41,1.59,2834,472,567,42,1.64,2851,204,570,31,2.29,1104,221,184,39,2.23,2206,735,368
161,38607,federico-di-francesco,29,1.45,1496,299,374,38,1.13,2877,360,575,27,1.19,1306,261,326,25,0.84,1688,1688,563,21,1.38,1181,591,394
162,99180,federico-santander,12,1.67,934,156,234,36,2.22,2639,155,660,44,2.2,3445,203,492,32,1.66,2238,160,448,34,1.12,2121,265,1060
164,159372,felipe-anderson,37,1.81,2527,230,253,47,1.43,2924,325,585,41,1.78,3244,649,270,32,1.59,1760,220,196,40,1.38,3197,320,639
166,70689,filippo-falco,35,1.29,2416,1208,201,22,1.27,939,235,939,36,1.58,2681,447,383,17,0.88,799,799,799,33,1.79,2389,341,239
167,202278,flavien-tait,20,0.75,1498,1498,374,32,1.44,2640,660,377,16,1.63,634,317,158,34,1.06,2519,630,630,37,1.14,3071,614,341
168,106270,florian-kainz,38,1.71,2951,738,369,47,1.81,3928,357,187,15,1.53,332,166,111,34,1.26,1949,487,487,24,1.83,1774,887,253
169,152963,florian-niederlechner,35,1.4,2849,190,285,28,1.93,1267,158,634,36,1.42,2531,211,844,14,1.21,1049,525,524,26,0.88,1129,282,1129
170,184892,florian-thauvin,38,1.71,2655,531,379,38,1.0,1856,371,928,43,1.65,3500,233,292,54,1.89,4161,160,245,37,1.46,2942,163,327
173,157160,frank-acheampong,48,1.73,3252,1084,542,38,1.74,2600,289,433,57,1.86,3898,390,780,26,1.19,2313,136,578,31,1.42,2688,299,224
175,363205,gabriel-jesus,20,1.3,1302,326,651,32,2.0,2660,156,665,11,2.45,741,106,148,42,2.5,2594,153,519,47,2.6,2253,107,376
178,170895,garry-rodrigues,32,0.91,1624,812,1624,36,1.56,2708,387,451,40,1.7,2628,329,239,40,2.05,2767,277,252,31,1.32,2420,484,605
179,257448,gelson-martins,42,1.57,2518,420,252,42,2.36,1793,256,448,44,1.86,3642,520,280,52,2.13,4368,336,336,29,1.69,1919,384,480
182,129476,gerard-deulofeu,28,2.04,1329,443,133,33,1.27,1835,459,141,31,1.26,2041,510,510,24,1.96,1330,443,443,33,1.3,2283,190,457
183,177467,gerard-moreno,39,1.79,2629,164,526,36,1.19,2157,308,719,38,1.47,3400,262,850,44,1.34,3884,204,1942,49,1.24,3086,237,1029
184,146752,gianluca-caprari,24,1.58,944,472,944,43,1.74,3196,246,246,36,0.58,3202,356,640,37,1.43,2064,295,2064,24,1.54,1158,193,579
187,225122,goncalo-guedes,41,1.71,2908,364,194,36,2.22,2113,302,211,39,2.46,2283,326,285,40,2.05,2727,455,248,39,1.79,2471,309,618
190,71608,gustavo-bou,55,1.91,4360,161,623,14,1.43,870,145,290,23,1.74,1985,199,397,38,1.37,2912,291,364,42,1.79,2969,141,270
191,254230,gyasi-zardes,31,1.55,2590,324,648,25,1.8,1948,278,244,24,1.04,1988,994,663,36,1.58,3248,162,1624,28,1.36,2478,191,1239
192,268112,gyrano-kerk,24,1.67,1800,180,450,36,1.17,3095,442,344,31,1.71,2271,206,324,41,1.46,3231,404,462,40,1.73,3166,352,264
194,217111,hakim-ziyech,40,1.55,3544,208,208,34,1.18,3042,179,254,46,2.13,3834,320,192,39,2.08,3523,391,196,49,2.31,4111,196,171
196,132098,harry-kane,51,1.86,3680,119,613,50,1.76,4027,144,2014,38,2.05,3154,90,451,48,2.0,3953,96,791,40,1.88,3342,139,557
199,292246,hee-chan-hwang,13,2.0,734,367,367,32,2.09,1853,168,265,35,2.29,2176,136,1088,37,2.22,1995,153,499,21,1.57,1331,666,666
200,173900,helder-costa,29,1.48,2176,311,198,28,1.93,1609,322,536,40,1.28,2953,246,268,39,1.97,1994,399,332,30,1.53,1559,780,780
202,91845,heung-min-son,42,1.88,3181,187,795,42,1.81,2001,250,400,47,2.09,2972,142,330,53,1.98,3379,188,307,48,1.94,3292,165,329
203,316889,hirving-lozano,40,1.58,3217,357,460,48,1.42,3974,331,397,37,1.78,2980,166,426,34,2.26,2767,146,252,40,2.05,3273,156,273
204,59340,iago-falque,33,1.55,2437,187,406,27,1.63,1501,500,750,35,1.46,2532,211,422,40,1.5,3079,220,342,28,1.71,1797,300,300
206,237164,ihlas-bebou,12,0.75,594,297,594,28,1.0,1646,549,412,34,1.24,2884,481,262,36,1.28,2683,383,1342,14,1.0,1249,250,416
207,54235,iker-muniain,41,1.46,3245,1623,811,28,1.61,1364,682,1364,46,1.72,3150,450,630,20,1.3,1298,260,324,37,1.41,2543,363,509
208,255508,inaki-williams,43,1.53,3293,206,823,37,1.68,2426,187,404,49,1.67,3621,453,402,52,1.27,3805,381,476,41,1.44,3179,212,636
211,111039,ishak-belfodil,23,0.7,1362,1362,454,23,1.3,1957,178,391,37,1.19,3277,193,546,32,1.09,1605,268,1605,35,1.23,2322,137,387
213,251664,ivan-toney,44,1.32,2686,269,672,34,1.65,1814,259,363,43,1.23,3213,230,402,46,1.83,2472,177,618,55,1.49,3947,172,493
214,203460,jack-grealish,32,1.75,1880,940,376,27,0.89,1626,542,813,34,1.03,2095,419,419,34,1.76,2361,787,295,35,2.06,3031,505,379
216,199527,jacob-murphy,34,1.29,2667,333,242,43,1.3,2970,297,297,40,1.4,2724,303,340,28,0.89,1367,1367,1367,28,1.07,1411,706,470
224,198358,jed-wallace,50,1.28,4296,253,537,27,1.74,1983,992,330,34,1.62,2227,557,371,47,1.57,3863,552,483,48,1.08,3993,799,799
225,216569,jeremie-boga,29,2.1,1724,246,575,31,1.16,1209,403,1209,27,0.44,1481,741,1481,35,0.8,2238,1119,746,27,1.15,1474,491,1474
227,125165,jesus-corona,33,1.73,2721,209,544,39,1.67,2541,318,508,41,2.0,2219,370,247,41,2.46,2178,726,436,53,2.4,3673,525,245
233,89231,johann-berg-gudmundsson,44,1.18,3454,314,864,42,0.98,3416,569,263,24,1.04,1297,1297,432,38,1.26,3047,1524,381,36,1.11,2279,760,326
238,228761,jony,42,1.88,3213,402,321,36,1.0,2882,576,320,26,0.96,1372,686,1372,30,1.4,2163,361,433,37,1.32,2993,748,272
239,108354,jordan-ayew,33,1.09,2716,209,388,36,0.64,2695,385,2695,36,1.33,2482,621,355,44,1.07,3278,298,1093,25,1.6,1340,670,670
241,308552,jordan-larsson,27,1.48,2078,520,346,33,1.03,2543,231,636,13,1.23,781,391,260,46,2.11,2155,196,539,16,1.63,1329,121,1329
246,162569,josef-martinez,40,1.6,2207,315,736,23,1.35,1028,257,343,35,1.83,2403,109,2403,39,2.08,3299,94,550,39,1.92,3472,105,1157
247,81999,joselu,32,1.0,2654,265,664,27,1.52,1455,364,364,24,1.0,1184,197,1184,32,1.13,1695,424,1695,20,0.8,968,323,968
249,91059,joshua-king,19,1.21,890,178,890,35,1.03,2241,320,560,36,1.17,2720,170,1360,34,1.18,2497,277,832,38,1.26,3037,253,759
250,348791,junya-ito,38,1.03,2054,514,685,41,1.56,3210,459,459,42,1.81,3310,552,414,41,1.2,3442,382,202,14,1.79,1020,340,510
251,166240,jurgen-locadia,37,2.22,1606,178,321,42,2.24,2904,242,207,17,2.35,1036,259,259,26,1.85,1885,171,236,34,1.03,1730,433,1730
252,61087,karim-bellarabi,46,1.87,3939,303,281,49,1.73,3922,327,280,19,1.16,1349,337,225,29,1.48,1385,693,346,24,1.63,1428,159,238
254,315110,karl-toko-ekambi,39,1.33,2967,212,1484,40,1.25,3034,276,3034,33,1.21,2537,317,507,39,1.03,3148,185,525,43,1.26,2752,153,393
256,330126,karol-swiderski,7,1.71,169,169,84,36,1.39,1437,205,718,29,1.86,1013,338,506,34,1.53,1180,236,590,38,2.0,1846,123,615
258,132553,kaveh-rezaei,23,1.78,1775,222,296,34,1.59,2557,320,426,40,1.9,3624,279,279,41,1.44,3277,205,546,17,1.53,793,198,793
259,238752,keita-balde,29,1.79,1170,293,292,39,1.46,2311,462,578,34,1.88,2075,130,415,33,1.79,2006,251,182,30,1.7,1089,218,544
260,295330,kelechi-iheanacho,6,1.67,442,111,221,36,1.81,1318,94,188,29,1.83,899,128,300,30,1.2,1451,161,363,35,1.2,1237,619,309
261,141350,kemar-roofe,30,1.63,2165,180,309,49,1.86,4113,165,343,49,1.69,3049,762,436,39,1.36,2695,193,539,34,1.88,2518,168,1259
265,131951,kevin-lasagna,30,1.97,1167,233,389,39,1.1,1640,328,410,47,1.49,3468,248,694,32,1.34,2317,166,579,37,1.08,2568,428,2568
266,82009,kevin-volland,36,1.39,3021,302,378,34,1.06,2821,353,282,31,0.97,2011,223,1006,35,1.71,3004,215,751,42,1.71,3375,225,211
267,124902,khouma-babacar,28,1.57,1365,152,682,24,1.67,1199,171,1199,31,1.65,1764,126,588,31,1.26,1335,191,334,31,1.23,1523,218,762
268,243714,kingsley-coman,20,1.95,673,673,336,37,2.51,2478,413,206,25,2.2,1116,558,1116,33,2.45,1869,267,234,30,2.47,1928,193,275
270,327757,krzysztof-piatek,34,2.15,2048,228,512,36,1.75,2216,277,554,39,1.15,2619,218,873,38,1.37,3279,156,820,42,1.45,3410,114,3410
273,144028,leandro-trossard,41,1.8,3376,199,3376,31,1.03,2130,237,304,52,1.88,2800,311,467,19,1.42,1437,180,359,47,2.02,3769,171,343
274,140436,lei-wu,33,2.15,2943,184,210,42,1.76,3767,171,251,47,2.02,4004,154,364,41,2.17,3618,125,302,16,1.75,1065,355,532
275,221899,leo-baptistao,26,1.23,1806,258,1806,34,1.71,1720,287,860,22,1.45,1450,242,207,40,1.28,2877,320,959,51,1.27,3572,357,893
277,192565,leroy-sane,27,1.7,1658,184,553,42,1.52,2925,325,418,37,1.97,2597,289,325,49,2.45,3648,261,192,47,2.49,2694,168,150
279,133964,lorenzo-insigne,28,1.61,1425,713,238,42,2.12,2856,220,286,49,2.1,3767,188,342,48,2.25,3865,276,297,41,1.85,3068,219,511
280,313106,luan,33,1.73,2776,278,397,33,1.42,2830,472,404,32,2.22,2730,182,455,30,1.77,2692,538,299,26,1.54,1652,413,275
281,196095,luca-waldschmidt,8,1.63,528,264,176,14,0.86,298,298,298,21,1.43,884,147,295,23,1.3,882,882,441,32,1.06,1868,208,623
282,193782,lucas-alario,24,1.38,1978,198,659,24,1.46,1744,159,872,35,2.0,2767,184,553,27,1.78,1761,176,294,36,1.78,1828,131,609
286,234787,lucas-joao,38,1.32,2313,330,257,48,1.56,2354,294,588,25,1.36,1197,299,299,34,0.94,1881,209,470,32,1.41,1620,162,810
287,77100,lucas-moura,46,2.2,2882,360,288,56,2.5,3169,244,634,53,2.36,3478,183,386,17,2.0,536,268,107,49,1.71,3172,211,1586
288,189441,lucas-ocampos,40,1.75,1638,328,819,25,1.44,1328,332,1328,29,1.21,1518,506,759,53,2.0,3668,229,917,40,1.38,3217,643,402
289,221316,lucas-vazquez,39,1.41,3189,797,456,33,2.67,1647,412,165,50,2.46,2279,570,163,53,2.19,2812,352,176,47,1.85,2654,531,664
290,214316,luciano-vietto,48,1.69,2955,148,369,28,1.93,1455,485,291,31,1.68,1890,189,315,29,1.76,1424,285,1424,22,0.55,1161,1161,290
293,119228,luis-muriel,27,1.41,1379,345,276,35,1.09,1919,274,384,33,1.39,2415,186,402,46,1.43,2411,268,804,42,1.45,2560,197,427
294,227404,luis-quinones,34,1.74,2127,709,425,22,1.68,1260,315,315,27,1.81,1132,377,566,34,1.82,2479,310,1240,50,1.7,3620,724,259
297,72522,luuk-de-jong,45,2.4,3930,151,281,44,2.34,3849,120,321,39,1.92,3388,376,376,33,2.33,2493,192,208,43,2.12,3891,122,389
299,323704,malcom,34,2.18,2498,500,624,13,1.0,571,286,571,45,1.69,3275,364,468,38,1.5,3124,260,390,24,1.54,1067,267,534
303,106987,marcel-sabitzer,51,2.14,3453,128,164,34,1.97,2916,365,583,33,1.94,2718,302,680,34,1.65,2617,523,291,43,2.12,3287,657,548
304,296622,marco-asensio,36,1.19,2915,486,364,37,1.16,3047,762,203,38,2.45,1919,192,480,53,2.08,2864,260,477,44,1.75,2370,395,263
310,112935,mark-uth,37,1.46,3084,154,257,25,1.04,1398,175,1398,24,1.54,1277,142,255,38,1.5,2568,151,285,29,1.21,2113,528,704
312,205940,marko-pjaca,47,2.34,3211,229,535,42,2.07,2924,244,487,22,2.55,721,240,721,13,2.0,710,178,237,19,1.21,744,744,744
313,189418,martin-benitez,40,1.5,2484,355,355,18,1.56,899,300,899,36,1.78,1841,921,368,31,1.61,1989,249,663,32,1.53,2003,501,501
314,95732,martin-braithwaite,36,1.06,2297,383,1148,41,1.15,3196,228,1598,36,1.03,3188,266,1063,35,1.43,2435,244,487,40,1.43,2833,354,405
316,101500,matej-vydra,45,1.78,2706,169,451,37,1.05,2523,280,841,38,1.5,1977,395,1977,44,1.7,2878,131,720,17,0.65,559,280,280
317,225984,matheus-pereira,11,2.27,629,629,210,30,2.27,1801,139,300,23,2.17,1649,183,236,30,1.43,2395,299,479,21,0.71,1445,482,722
319,77274,matt-phillips,27,0.7,2000,667,250,45,1.31,3859,482,772,29,1.28,2404,481,267,34,1.0,2354,785,785,33,1.7,2278,456,380
320,165895,matteo-politano,49,1.53,3674,612,525,29,1.48,1071,214,536,42,1.31,2878,360,360,39,1.26,3010,274,752,48,1.75,3438,573,573
321,68863,mauro-icardi,48,1.54,3875,144,431,34,1.68,2636,165,659,41,1.37,3426,132,489,36,1.89,3130,108,3130,37,1.65,2972,175,594
325,96454,maxime-lestienne,31,1.74,1378,1378,344,20,1.9,1042,347,104,16,1.31,849,283,424,24,0.88,1141,380,570,33,1.3,1800,360,600
326,143891,maximilian-philipp,28,1.07,1489,1489,213,33,2.27,2374,297,183,27,1.3,2130,237,426,28,1.57,1655,184,331,23,2.3,1046,523,349
328,157501,mbaye-niang,19,1.37,1051,210,350,21,1.9,1411,176,353,34,1.47,2377,475,475,31,1.23,1925,481,642,44,1.55,2802,200,400
329,182201,mbwana-samatta,13,2.0,1050,131,525,20,1.6,1085,217,362,59,1.85,4115,196,686,35,1.57,2204,276,551,51,2.02,4211,132,702
330,307058,mehdi-taremi,36,1.47,2607,326,372,27,1.93,2378,132,476,39,2.05,3157,126,526,22,1.82,1638,137,205,23,1.13,1997,250,499
331,167850,memphis-depay,40,2.33,3387,121,423,46,1.72,2555,365,284,26,1.5,1382,276,173,51,2.02,3655,166,215,47,1.7,3537,295,221
333,120205,michael-gregoritsch,27,1.33,1682,240,420,26,1.19,1479,247,740,32,1.16,1403,281,351,33,1.15,2607,201,652,36,1.03,2912,364,1456
335,104124,michail-antonio,49,1.33,4157,277,297,38,1.58,2994,230,499,37,1.24,3022,336,504,22,1.05,1429,476,1429,38,1.37,2439,348,348
339,215649,mirko-maric,34,1.44,1567,196,392,38,1.45,2209,184,1104,40,1.65,2334,195,467,39,1.59,2016,183,504,44,1.73,3794,190,474
340,119150,mislav-orsic,53,1.7,4171,348,379,32,1.25,2284,254,761,49,1.67,3527,271,588,21,1.48,1558,195,312,44,2.34,3134,241,448
342,148455,mohamed-salah,34,1.82,2129,237,355,42,1.93,3402,227,486,41,2.1,3185,168,212,52,1.96,4119,94,257,52,2.29,4342,161,362
343,175449,moi-gomez,44,1.64,2329,582,388,24,0.92,1037,519,346,26,0.92,1883,942,377,40,1.48,2554,1277,511,36,0.83,3061,1531,340
344,274862,moses-simon,44,1.98,3498,206,318,41,1.63,2339,780,585,42,1.6,2843,569,406,33,1.48,2695,449,898,23,1.0,1121,1121,1121
345,229004,moussa-dembele,19,1.11,905,302,452,46,1.04,3539,208,506,49,2.41,3374,105,375,39,2.03,2411,151,268,52,1.9,3211,140,535
346,192774,moussa-konate,34,1.53,2713,123,452,39,1.54,3135,224,348,39,1.59,2872,205,479,41,1.17,3014,188,1005,28,1.07,1901,272,950
347,283130,moussa-marega,16,1.25,1268,159,423,31,1.52,1967,246,393,31,2.13,2573,184,322,40,2.5,3331,145,416,47,2.3,3955,188,360
348,145866,munas-dabbur,40,1.23,3454,192,384,37,1.43,3330,151,256,38,1.68,2752,212,459,55,2.16,4487,155,408,48,2.58,3664,99,229
349,223725,munir-el-haddadi,33,1.55,2169,434,434,26,2.27,1664,208,238,39,1.41,2390,299,797,37,1.35,2621,187,374,31,1.58,1725,192,862
352,129078,nathan-redmond,47,1.89,3332,476,256,37,0.76,2482,414,1241,50,1.4,3648,456,3648,36,1.08,2106,2106,526,43,1.07,3629,403,605
356,68290,neymar,51,2.53,4098,105,410,49,2.47,4434,143,177,45,2.22,3972,199,153,30,2.63,2697,96,169,28,2.29,2351,102,181
357,75489,niclas-fullkrug,25,1.36,1626,542,232,35,1.86,2436,162,609,29,2.0,1319,264,440,36,1.17,2489,156,830,15,0.87,1194,398,597
358,82048,nicola-sansone,37,1.3,2689,336,538,38,1.66,2604,372,521,44,1.73,2720,302,680,22,2.0,805,134,402,23,1.17,1588,529,265
359,145602,nicolas-castillo,28,2.18,1577,143,788,18,1.5,1244,113,1244,25,1.64,2068,98,345,32,1.06,2604,145,651,28,2.0,1534,307,511
360,122116,nicolas-de-preville,28,1.18,1546,309,515,38,0.92,3041,380,338,33,1.27,2156,154,2156,35,1.03,2435,406,609,34,1.44,1800,450,600
363,185593,nicolas-lopez,26,1.12,996,199,498,43,1.23,2731,248,683,32,1.75,1519,169,760,35,1.86,2344,213,391,35,1.66,2310,578,385
368,298477,oliver-mcburnie,25,1.52,1474,295,1474,19,1.89,1265,115,253,24,1.92,1672,93,418,36,1.06,2391,126,1196,44,1.52,3573,149,893
371,334042,orbelin-pineda,41,1.56,2768,461,2768,38,1.5,2882,360,480,51,1.65,3951,1976,988,41,1.39,2880,1440,2880,41,1.51,3067,767,613
374,241391,oussama-idrissi,29,1.38,2017,504,2017,31,1.48,2013,168,252,31,1.13,1695,339,339,31,1.74,1940,176,242,39,1.72,3383,242,423
376,74230,pablo-sarabia,41,1.1,2927,732,418,32,1.13,2553,365,426,46,1.74,2809,255,234,53,1.6,3753,417,417,52,1.77,3729,162,219
377,126716,paco-alcacer,36,1.97,2402,172,400,46,1.26,3087,206,386,28,2.14,1385,173,346,23,2.09,992,142,248,32,2.13,1664,88,832
381,272855,paul-onuachu,27,1.67,1068,134,534,37,1.54,1547,172,516,45,1.58,3479,151,870,32,2.41,2178,128,272,40,1.98,3109,141,518
383,206050,paulo-dybala,35,1.23,3054,235,305,46,2.3,3109,135,444,48,2.31,3370,177,421,46,2.3,3378,130,483,42,2.17,2820,282,1410
387,252641,pione-sisto,24,1.96,1705,213,426,42,1.79,2631,329,658,56,1.63,3361,280,840,36,1.31,2658,443,295,27,0.85,968,484,968
388,99353,portu,39,1.41,2984,497,995,40,0.88,3496,583,1748,41,1.63,3240,405,405,37,1.38,3014,274,502,37,0.84,2958,296,986
389,182381,quincy-promes,29,1.31,2499,192,500,32,1.66,2806,156,351,29,2.07,2474,206,275,38,1.74,3322,158,332,56,1.68,3495,699,350
393,134425,raheem-sterling,52,1.52,4519,411,452,47,1.74,2981,271,298,47,2.04,3627,363,181,46,2.57,3568,155,210,51,2.53,4097,164,228
395,162038,raul-de-tomas,29,1.45,1931,276,483,27,1.3,1154,192,577,39,1.51,2136,142,1068,32,1.94,2515,105,629,34,0.85,2849,204,2849
396,206040,raul-jimenez,32,2.16,1095,219,274,45,2.4,1715,143,343,32,2.25,1182,107,394,43,2.0,1452,182,207,44,1.59,3550,209,444
397,129724,raul-ruidiaz,35,1.77,2765,154,553,9,2.44,786,79,786,34,1.38,2628,131,2628,55,1.75,4578,135,1144,26,1.96,2186,146,437
399,194638,renato-steffen,47,1.87,3579,256,298,36,1.89,2660,266,380,39,2.26,3001,429,250,45,1.76,2927,976,488,34,1.68,1663,333,1663
401,106076,ricardo-goulart,42,2.07,3501,130,219,46,1.96,4043,144,368,41,1.95,3662,136,229,28,2.07,2473,118,247,4,3.0,157,157,78
404,378710,richarlison,24,1.67,1842,205,460,28,1.21,1573,393,1573,18,1.61,1591,227,265,41,1.07,3028,606,606,38,1.45,2809,201,1404
406,171424,riyad-mahrez,32,1.0,2242,561,747,39,2.08,3128,174,313,48,1.35,3766,377,538,41,1.34,3339,257,257,44,2.52,2581,215,215
407,270393,robert-skov,25,0.56,1397,699,349,25,2.04,1919,320,960,31,1.35,2635,264,659,43,1.49,3309,552,331,48,2.04,3723,116,372
408,131789,roberto-firmino,36,1.39,3201,320,267,49,1.76,3326,302,302,41,1.8,3463,289,315,54,2.0,4188,155,246,48,2.23,3406,213,426
409,159337,roberto-inglese,27,1.48,1004,167,502,26,1.12,1377,459,459,37,1.24,2220,185,555,36,1.17,2934,226,2934,25,1.08,1968,219,984
411,131505,rodrigo,32,1.91,2161,540,432,38,1.32,2175,311,725,21,1.05,1588,227,318,44,1.89,2994,158,428,51,1.65,3775,252,378
412,135082,rogelio-funes-mori,36,1.47,2970,212,371,44,1.57,3493,140,388,41,1.68,3223,129,1074,40,2.03,3173,167,353,43,1.98,3025,151,1008
421,96341,romelu-lukaku,48,1.33,3762,188,537,46,1.46,4023,161,575,39,1.62,3447,133,492,51,2.12,4071,151,452,45,1.6,3001,200,750
423,174694,rony-lopes,27,1.26,1609,536,536,18,1.67,916,305,916,29,1.38,2218,370,444,50,1.86,3288,193,274,29,1.14,2229,557,1114
427,200512,sadio-mane,40,1.63,2922,225,325,43,1.63,3116,208,346,29,2.21,2427,187,303,44,1.93,3480,174,387,50,2.32,4309,166,862
428,290532,said-benrahma,3,1.33,199,199,100,23,1.0,610,203,610,15,1.33,1023,341,341,33,1.58,2462,246,492,45,1.47,2853,259,168
429,386914,sam-lammers,19,1.53,1645,235,235,42,1.6,3136,241,348,44,1.8,3248,155,650,27,1.81,1670,139,418,35,1.23,3064,161,613
430,159668,sam-larsson,31,1.48,2667,333,444,37,1.3,3265,544,363,36,1.31,2770,308,173,31,1.74,1803,200,361,39,1.92,3172,453,264
431,195171,samu-castillejo,39,1.26,2470,2470,494,45,1.73,2880,1440,1440,44,1.48,2602,867,650,38,1.68,2481,414,310,40,1.75,1654,414,414
433,255653,santi-mina,24,1.42,1445,161,361,36,1.28,2293,287,382,31,1.03,1572,262,524,38,1.92,1855,124,464,45,1.67,2706,208,451
434,102432,santiago-garcia,20,1.6,949,316,316,29,1.79,2424,128,2424,24,1.25,1489,213,248,26,2.04,2290,135,572,32,1.31,2624,262,2624
435,323831,santos-borre,21,1.9,1385,139,692,9,1.67,701,175,701,32,1.41,1185,296,592,33,1.85,1674,186,418,44,1.86,3067,236,438
436,180337,sardar-azmoun,27,1.78,1069,178,1069,24,2.04,1276,142,425,41,1.54,2447,204,816,28,1.32,1580,316,263,33,1.82,2701,159,386
437,125614,sargis-adamyan,30,1.6,2067,258,295,35,1.6,2911,265,728,37,1.65,3037,145,434,35,1.43,2901,580,484,34,1.35,2879,192,262
438,147573,sebastian-andersson,32,2.06,1964,131,218,38,2.05,2849,119,570,30,1.67,2502,227,626,34,1.15,2528,169,361,38,1.63,2947,227,421
439,294853,sebastian-driussi,37,1.7,2239,560,560,15,1.27,914,914,914,35,1.94,2517,120,839,40,1.65,2306,384,384,42,1.86,2953,227,268
441,181375,sebastien-haller,28,1.21,1783,162,297,42,1.64,3642,152,607,39,1.87,3525,220,588,36,1.61,2731,210,390,41,1.8,3120,156,260
442,159471,serge-gnabry,8,2.38,667,222,334,12,1.25,883,442,883,27,1.15,1970,179,985,27,1.67,1806,181,226,42,2.26,2541,195,282
443,251845,sergi-canos,23,1.78,1329,665,190,43,1.37,1995,249,399,29,1.55,1782,223,356,31,1.45,1411,470,470,50,1.4,2597,289,371
447,188911,shoya-nakajima,20,1.0,941,471,941,25,1.2,1798,300,450,29,1.34,1728,288,247,33,1.24,2801,280,215,27,1.48,2362,337,394
448,208552,siebe-schrijvers,33,1.79,1934,387,967,29,1.38,1747,437,582,46,1.52,3631,403,242,37,1.59,2454,491,1227,38,1.79,2492,208,498
449,96828,simone-zaza,34,1.18,2745,229,915,24,2.17,1018,127,509,31,1.39,1947,325,1947,39,2.03,2648,204,530,30,1.6,1515,379,379
450,232271,sofiane-boufal,34,1.47,2320,331,258,35,1.74,2726,227,682,30,0.87,1380,690,1380,30,1.0,1490,745,745,35,1.09,2098,699,524
451,57162,sofiane-feghouli,33,2.03,1931,322,241,33,1.36,2042,408,510,28,1.25,1508,377,503,31,2.23,2191,313,219,40,1.85,2804,216,401
452,94529,stephan-el-shaarawy,19,1.37,1286,429,429,42,1.76,2447,222,816,44,2.05,2325,194,232,44,2.05,2612,290,373,46,1.61,3182,212,398
453,170953,stephane-bahoken,28,1.75,1716,429,1716,30,1.6,1644,274,1644,34,1.88,1737,248,434,32,1.19,2080,231,2080,33,1.24,2583,235,1292
456,284165,steven-bergwijn,18,2.0,1228,307,307,30,1.63,1928,193,482,37,1.78,1673,418,558,36,2.22,2406,301,219,41,2.12,3517,234,271
457,111961,suso,7,1.14,255,255,255,21,1.71,1296,216,1296,37,1.68,3120,446,284,50,1.82,3893,487,324,41,1.73,3446,431,345
459,165793,takumi-minamino,17,2.12,965,322,322,40,2.15,2501,192,417,31,2.06,1868,133,467,44,2.34,2454,223,245,45,2.51,2535,181,254
460,331726,tammy-abraham,24,2.08,1303,87,652,34,2.03,2798,140,466,48,1.33,3743,144,936,39,1.0,2240,280,448,42,1.71,3561,137,1187
462,46972,teemu-pukki,35,1.71,2798,215,1399,44,1.61,3464,266,3464,46,1.87,3531,122,353,44,2.27,3324,175,302,46,1.91,3854,128,385
463,280701,theo-bongonda,28,1.14,1110,278,555,26,1.62,1308,654,654,42,1.26,2898,1449,483,19,2.26,1072,153,268,39,1.23,3238,231,231
464,205562,thomas-lemar,26,1.23,836,836,167,34,1.59,2191,438,438,55,2.25,4209,301,234,38,2.0,2874,958,287,43,1.98,2608,869,435
465,102226,thorgan-hazard,41,1.9,1759,352,176,36,1.5,1939,323,323,33,1.45,2272,207,325,37,1.43,3211,292,357,35,1.57,3058,235,255
466,170527,timo-werner,33,1.06,1637,546,1637,36,1.17,2454,351,491,32,1.97,2464,117,352,45,1.49,3397,162,340,37,1.95,3101,163,310
467,384060,tino-kadewere,12,2.0,659,94,330,39,1.69,2172,241,543,13,1.85,664,166,664,19,2.16,1623,135,406,26,1.46,1790,298,358
469,229970,tom-lawrence,19,1.84,1450,242,362,38,1.37,2343,1172,586,39,1.08,3225,293,293,44,1.59,3409,568,426,39,1.59,3055,436,611
475,60540,valere-germain,37,1.89,1189,238,1189,40,1.58,3248,232,541,60,2.3,3522,207,704,55,1.84,3500,194,583,42,1.45,2550,319,1275
476,256267,vedat-muriqi,32,1.41,1677,280,1677,37,1.3,2932,172,977,40,1.55,1970,328,1970,31,1.61,2027,169,676,36,1.17,3087,182,386
477,116598,viktor-claesson,35,1.83,2978,271,248,38,1.63,3410,310,262,18,1.39,1475,295,369,34,1.85,2838,237,355,42,1.71,3488,233,349
480,147487,vincent-aboubakar,22,2.18,1202,134,300,42,1.9,3066,170,1022,38,2.0,2423,128,606,43,2.33,2971,114,424,11,2.36,589,147,294
483,213605,vitinho,43,1.81,2194,169,548,28,1.32,2189,274,730,13,2.31,1015,169,169,69,1.86,4813,321,344,34,2.29,1391,232,464
484,103565,wahbi-khazri,34,1.76,2527,281,316,44,1.43,3280,410,410,23,0.43,1000,1000,1000,34,1.5,2549,232,637,35,1.6,3011,215,376
487,145988,wilfried-zaha,35,1.29,2300,575,575,43,1.37,3362,672,480,37,1.11,3131,447,285,29,1.52,2550,283,510,36,1.36,3223,322,322
488,122155,willian-jose,38,1.26,2219,222,444,34,1.26,2085,209,2085,34,1.62,2541,182,635,40,1.43,3163,158,791,34,1.35,2584,235,517
489,146854,wissam-ben-yedder,38,1.0,2988,199,598,41,1.24,3348,146,558,42,1.93,2268,126,378,42,1.64,2741,125,548,54,1.7,4025,134,366
491,86792,xherdan-shaqiri,35,1.57,1710,342,428,32,1.31,2294,765,382,22,1.41,1781,445,890,38,0.87,3080,385,440,30,2.27,1413,236,283
492,60517,yacine-brahimi,42,2.29,2835,218,284,44,1.95,3245,361,324,31,2.03,1927,275,482,49,2.33,3914,326,391,49,2.27,3429,264,381
493,140776,yannick-carrasco,52,1.87,3778,472,270,43,2.16,2402,480,480,53,2.0,3434,245,687,54,1.69,3789,344,237,26,1.42,2174,128,272
495,165361,yimmi-chara,35,1.91,2436,348,203,16,0.88,1440,1440,360,52,1.5,3450,345,575,39,1.41,3334,667,303,34,1.5,2431,405,2431
498,157635,yussuf-poulsen,32,1.47,2815,235,704,34,1.94,2121,303,424,30,2.0,2188,438,547,41,1.54,2241,448,224,45,1.91,3321,175,415
499,134602,ze-luis,25,1.88,1604,146,321,25,1.64,1768,177,354,24,2.17,1703,341,284,24,1.63,1546,258,193,36,1.47,2657,190,664
